Ticker,Date,Open,High,Low,Close,Adj Close,Volume,Daily Return (%),7-Days Moving Average,30-Day Moving Average,Volatility (30-day std)
AAPL,2023-02-07,150.63999938964844,155.22999572753906,150.63999938964844,154.64999389648438,154.4142303466797,83322600,,,,
AAPL,2023-02-08,153.8800048828125,154.5800018310547,151.1699981689453,151.9199981689453,151.6884002685547,64120100,-1.7652737376545935,,,
AAPL,2023-02-09,153.77999877929688,154.3300018310547,150.4199981689453,150.8699951171875,150.63999938964844,56007100,-0.6911552556695955,,,
AAPL,2023-02-10,149.4600067138672,151.33999633789062,149.22000122070312,151.00999450683594,151.00999450683594,57450700,0.09279472007650558,,,
AAPL,2023-02-13,150.9499969482422,154.25999450683594,150.9199981689453,153.85000610351562,153.85000610351562,62199000,1.880677902118011,,,
AAPL,2023-02-14,152.1199951171875,153.77000427246094,150.86000061035156,153.1999969482422,153.1999969482422,61707600,-0.42249537178183916,,,
AAPL,2023-02-15,153.11000061035156,155.5,152.8800048828125,155.3300018310547,155.3300018310547,65573800,1.3903426404976438,152.9757123674665,,
AAPL,2023-02-16,153.50999450683594,156.3300018310547,153.35000610351562,153.7100067138672,153.7100067138672,68167900,-1.0429376798369527,152.84142848423548,,
AAPL,2023-02-17,152.35000610351562,153.0,150.85000610351562,152.5500030517578,152.5500030517578,59144100,-0.7546702305912589,152.93142918178015,,
AAPL,2023-02-21,150.1999969482422,151.3000030517578,148.41000366210938,148.47999572753906,148.47999572753906,58867200,-2.6679824600448265,152.59000069754464,,
AAPL,2023-02-22,148.8699951171875,149.9499969482422,147.16000366210938,148.91000366210938,148.91000366210938,51011300,0.28960664530148783,152.29000200544084,,
AAPL,2023-02-23,150.08999633789062,150.33999633789062,147.24000549316406,149.39999389648438,149.39999389648438,48394200,0.32905125399556034,151.65428597586495,,
AAPL,2023-02-24,147.11000061035156,147.19000244140625,145.72000122070312,146.7100067138672,146.7100067138672,55469600,-1.8005269695533066,150.7271445138114,,
AAPL,2023-02-27,147.7100067138672,149.1699981689453,147.4499969482422,147.9199981689453,147.9199981689453,44998500,0.8247504598905886,149.66857256208147,,
AAPL,2023-02-28,147.0500030517578,149.0800018310547,146.8300018310547,147.41000366210938,147.41000366210938,50547000,-0.3447772533457294,148.76857212611608,,
AAPL,2023-03-01,146.8300018310547,147.22999572753906,145.00999450683594,145.30999755859375,145.30999755859375,55479000,-1.4246021649447993,147.73428562709265,,
AAPL,2023-03-02,144.3800048828125,146.7100067138672,143.89999389648438,145.91000366210938,145.91000366210938,52238100,0.41291453691869595,147.36714390345983,,
AAPL,2023-03-03,148.0399932861328,151.11000061035156,147.3300018310547,151.02999877929688,151.02999877929688,70732300,3.5090089703815774,147.67000034877233,,
AAPL,2023-03-06,153.7899932861328,156.3000030517578,153.4600067138672,153.8300018310547,153.8300018310547,87558000,1.853938339660255,148.30285862513952,,
AAPL,2023-03-07,153.6999969482422,154.02999877929688,151.1300048828125,151.60000610351562,151.60000610351562,56182000,-1.4496494188358522,149.00142996651786,,
AAPL,2023-03-08,152.80999755859375,153.47000122070312,151.8300018310547,152.8699951171875,152.8699951171875,47204800,0.837723590066819,149.7085723876953,,
AAPL,2023-03-09,153.55999755859375,154.5399932861328,150.22999572753906,150.58999633789062,150.58999633789062,53833600,-1.4914625839747453,150.16285705566406,,
AAPL,2023-03-10,150.2100067138672,150.94000244140625,147.61000061035156,148.5,148.5,68572400,-1.38787196275717,150.61857169015067,,
AAPL,2023-03-13,147.80999755859375,153.13999938964844,147.6999969482422,150.47000122070312,150.47000122070312,84457100,1.3266001486216261,151.26999991280692,,
AAPL,2023-03-14,151.27999877929688,153.39999389648438,150.10000610351562,152.58999633789062,152.58999633789062,73695900,1.408915464869298,151.49285670689173,,
AAPL,2023-03-15,151.19000244140625,153.25,149.9199981689453,152.99000549316406,152.99000549316406,77167900,0.26214638237991306,151.37285723005022,,
AAPL,2023-03-16,152.16000366210938,156.4600067138672,151.63999938964844,155.85000610351562,155.85000610351562,76161100,1.8694035607962345,151.98000008719308,,
AAPL,2023-03-17,156.0800018310547,156.74000549316406,154.27999877929688,155.0,155.0,98944600,-0.545400109224925,152.28428649902344,,
AAPL,2023-03-20,155.07000732421875,157.82000732421875,154.14999389648438,157.39999389648438,157.39999389648438,73641400,1.5483831590221708,153.25714329310827,,
AAPL,2023-03-21,157.32000732421875,159.39999389648438,156.5399932861328,159.27999877929688,159.27999877929688,73938300,1.1944122971497162,154.7971431187221,151.63799997965495,
AAPL,2023-03-22,159.3000030517578,162.13999938964844,157.80999755859375,157.8300018310547,157.8300018310547,75701800,-0.9103446505241086,155.84857177734375,151.74400024414064,1.4292636573777744
AAPL,2023-03-23,158.8300018310547,161.5500030517578,157.67999267578125,158.92999267578125,158.92999267578125,67622100,0.6969466083539766,156.75428553989954,151.97766672770183,1.3899365891805697
AAPL,2023-03-24,158.86000061035156,160.33999633789062,157.85000610351562,160.25,160.25,59196500,0.8305589788276002,157.7914276123047,152.29033355712892,1.3855712114148042
AAPL,2023-03-27,159.94000244140625,160.77000427246094,157.8699951171875,158.27999877929688,158.27999877929688,52390300,-1.2293299349161457,158.13856942313058,152.5326670328776,1.4102512438266002
AAPL,2023-03-28,157.97000122070312,158.49000549316406,155.97999572753906,157.64999389648438,157.64999389648438,45992200,-0.39803189769477276,158.5171399797712,152.65933329264323,1.3756804124062743
AAPL,2023-03-29,159.3699951171875,161.0500030517578,159.35000610351562,160.77000427246094,160.77000427246094,51305700,1.9790742129842442,158.99857003348214,152.9116668701172,1.4141374755147402
AAPL,2023-03-30,161.52999877929688,162.47000122070312,161.27000427246094,162.36000061035156,162.36000061035156,49501700,0.9889881791605992,159.4385702950614,153.14600016276043,1.4040621897441248
AAPL,2023-03-31,162.44000244140625,165.0,161.91000366210938,164.89999389648438,164.89999389648438,68749800,1.5644205941022005,160.44856916155135,153.5189997355143,1.407906976107246
AAPL,2023-04-03,164.27000427246094,166.2899932861328,164.22000122070312,166.1699981689453,166.1699981689453,56976200,0.770166355044366,161.48285566057478,153.9729995727539,1.398097736262187
AAPL,2023-04-04,166.60000610351562,166.83999633789062,165.11000061035156,165.6300048828125,165.6300048828125,46278300,-0.3249643690696802,162.25142778669084,154.54466654459637,1.2879843196790222
AAPL,2023-04-05,164.74000549316406,165.0500030517578,161.8000030517578,163.75999450683594,163.75999450683594,51511700,-1.1290287513422759,163.03428431919642,155.03966623942057,1.3168701256799085
AAPL,2023-04-06,162.42999267578125,164.9600067138672,162.0,164.66000366210938,164.66000366210938,45390100,0.5495903672834368,164.03571428571428,155.54833323160807,1.3175048158312974
AAPL,2023-04-10,161.4199981689453,162.02999877929688,160.0800018310547,162.02999877929688,162.02999877929688,47716900,-1.597233586979263,164.21571350097656,156.05899963378906,1.3066304329250635
AAPL,2023-04-11,162.35000610351562,162.36000061035156,160.50999450683594,160.8000030517578,160.8000030517578,47644200,-0.7591160506113748,163.99285670689173,156.48833312988282,1.318308209329764
AAPL,2023-04-12,161.22000122070312,162.05999755859375,159.77999877929688,160.10000610351562,160.10000610351562,50133100,-0.43532147696344614,163.30714416503906,156.911333211263,1.3199072639305927
AAPL,2023-04-13,161.6300048828125,165.8000030517578,161.4199981689453,165.55999755859375,165.55999755859375,68445600,3.4103630524210393,163.22000122070312,157.58633321126302,1.3970143811573148
AAPL,2023-04-14,164.58999633789062,166.32000732421875,163.82000732421875,165.2100067138672,165.2100067138672,49386500,-0.21139819394035975,163.16000148228235,158.22966664632162,1.4021523424781326
AAPL,2023-04-17,165.08999633789062,165.38999938964844,164.02999877929688,165.22999572753906,165.22999572753906,41516200,0.01209915432451858,163.37000165666853,158.7029998779297,1.2766112456365384
AAPL,2023-04-18,166.10000610351562,167.41000366210938,165.64999389648438,166.47000122070312,166.47000122070312,49923000,0.7504723871135432,163.62857273646765,159.12433319091798,1.2460589120376115
AAPL,2023-04-19,165.8000030517578,168.16000366210938,165.5399932861328,167.6300048828125,167.6300048828125,47720200,0.6968244450070493,164.42857360839844,159.6586664835612,1.204791814921335
AAPL,2023-04-20,166.08999633789062,167.8699951171875,165.55999755859375,166.64999389648438,166.64999389648438,52456400,-0.5846274281344988,165.2642865862165,160.1179997762044,1.2125963045790196
AAPL,2023-04-21,165.0500030517578,166.4499969482422,164.49000549316406,165.02000427246094,165.02000427246094,58337300,-0.9780916193947831,165.96714346749442,160.5990000406901,1.1899239864170956
AAPL,2023-04-24,165.0,165.60000610351562,163.88999938964844,165.3300018310547,165.3300018310547,41949600,0.1878545331279513,165.93428693498885,161.16000010172527,1.1462658014950478
AAPL,2023-04-25,165.19000244140625,166.30999755859375,163.72999572753906,163.77000427246094,163.77000427246094,48714100,-0.94356592349637,165.72857230050224,161.60333353678385,1.1554795534959972
AAPL,2023-04-26,163.05999755859375,165.27999877929688,162.8000030517578,163.75999450683594,163.75999450683594,45498800,-0.006112087295517821,165.51857212611608,161.97566680908204,1.136925481996881
AAPL,2023-04-27,165.19000244140625,168.55999755859375,165.19000244140625,168.41000366210938,168.41000366210938,64902300,2.839526936524983,165.79571533203125,162.4896667480469,1.2319153254499016
AAPL,2023-04-28,168.49000549316406,169.85000610351562,167.8800048828125,169.67999267578125,169.67999267578125,55209200,0.7541054486406518,166.08857073102678,162.95066630045574,1.200212118906169
AAPL,2023-05-01,169.27999877929688,170.4499969482422,168.63999938964844,169.58999633789062,169.58999633789062,52472900,-0.05303886243240852,166.5085710797991,163.43699951171874,1.1917210084637577
AAPL,2023-05-02,170.08999633789062,170.35000610351562,167.5399932861328,168.5399932861328,168.5399932861328,48425700,-0.6191420923589042,167.0114266531808,163.80833282470704,1.1795146428677818
AAPL,2023-05-03,169.5,170.9199981689453,167.16000366210938,167.4499969482422,167.4499969482422,65136000,-0.6467285993302041,167.3142830984933,164.0806660970052,1.1757592559278625
AAPL,2023-05-04,164.88999938964844,167.0399932861328,164.30999755859375,165.7899932861328,165.7899932861328,81235400,-0.9913429037699317,167.60285295758928,164.34599914550782,1.1784239274010821
AAPL,2023-05-05,170.97999572753906,174.3000030517578,170.75999450683594,173.57000732421875,173.57000732421875,113316400,4.692692172716728,169.00428336007255,164.83399963378906,1.437314386917624
GOOG,2023-02-07,103.62999725341795,108.66999816894533,103.5479965209961,108.04000091552734,108.04000091552734,33738800,,,,
GOOG,2023-02-08,102.69000244140624,103.58000183105467,98.45500183105467,100.0,100.0,73546000,-7.441689047942102,,,
GOOG,2023-02-09,100.54000091552734,100.61000061035156,93.86000061035156,95.45999908447266,95.45999908447266,97798600,-4.540000915527342,,,
GOOG,2023-02-10,95.73999786376952,97.0199966430664,94.52999877929688,94.86000061035156,94.86000061035156,49325300,-0.6285339198360496,,,
GOOG,2023-02-13,95.01000213623048,95.3499984741211,94.0500030517578,95.0,95.0,43116600,0.14758527171372382,,,
GOOG,2023-02-14,94.66000366210938,95.1750030517578,92.6500015258789,94.9499969482422,94.9499969482422,42513100,-0.05263479132400217,,,
GOOG,2023-02-15,94.73999786376952,97.33999633789062,94.36000061035156,97.0999984741211,97.0999984741211,36964500,2.2643513375264934,97.91571371895927,,
GOOG,2023-02-16,95.54000091552734,97.87999725341795,94.97000122070312,95.77999877929688,95.77999877929688,35642100,-1.3594229820467207,96.16428484235492,,
GOOG,2023-02-17,95.06999969482422,95.75,93.4499969482422,94.58999633789062,94.58999633789062,31095100,-1.2424331348639295,95.39142717633929,,
GOOG,2023-02-21,93.23999786376952,93.41500091552734,92.0,92.0500030517578,92.0500030517578,28367200,-2.685266290802635,94.90428488595145,,
GOOG,2023-02-22,91.93399810791016,92.36000061035156,90.87000274658205,91.8000030517578,91.8000030517578,29891100,-0.27159151734023057,94.46714237758091,,
GOOG,2023-02-23,92.12999725341795,92.12999725341795,90.01000213623047,91.06999969482422,91.06999969482422,32423700,-0.7952106020323257,93.9057137625558,,
GOOG,2023-02-24,89.62999725341797,90.12999725341795,88.86000061035156,89.3499984741211,89.3499984741211,31295600,-1.888658423703582,93.10571398053851,,
GOOG,2023-02-27,90.08999633789062,90.4499969482422,89.61000061035156,90.0999984741211,90.0999984741211,22724300,0.8393956494775257,92.10571398053851,,
GOOG,2023-02-28,89.54000091552734,91.4499969482422,89.5199966430664,90.3000030517578,90.3000030517578,30546900,0.22198066706311526,91.32285744803292,,
GOOG,2023-03-01,90.16000366210938,91.1999969482422,89.8499984741211,90.51000213623048,90.51000213623048,26323900,0.23255711780243438,90.74000113351005,,
GOOG,2023-03-02,89.86000061035156,92.4800033569336,89.7699966430664,92.30999755859376,92.30999755859376,23328600,1.9887254224721262,90.77714320591518,,
GOOG,2023-03-03,92.73999786376952,94.11000061035156,92.66000366210938,94.0199966430664,94.0199966430664,30242500,1.8524527458547713,91.0942851475307,,
GOOG,2023-03-06,94.36000061035156,96.3000030517578,94.3000030517578,95.58000183105467,95.58000183105467,28288200,1.6592270194505598,91.73857116699219,,
GOOG,2023-03-07,95.41999816894533,96.08999633789062,93.84400177001952,94.16999816894533,94.16999816894533,24101500,-1.4752078207757702,92.42714255196708,,
GOOG,2023-03-08,94.40499877929688,96.23999786376952,94.40499877929688,94.6500015258789,94.6500015258789,25395200,0.5097200448835437,93.07714298793248,,
GOOG,2023-03-09,94.48999786376952,95.91999816894533,92.3550033569336,92.66000366210938,92.66000366210938,24438900,-2.102480540610907,93.41428593226841,,
GOOG,2023-03-10,92.5,93.18000030517578,90.8000030517578,91.01000213623048,91.01000213623048,32850100,-1.7807052241177623,93.48571450369698,,
GOOG,2023-03-13,90.56500244140624,93.08000183105467,89.94000244140625,91.66000366210938,91.66000366210938,31508600,0.7142088898162147,93.39285823277065,,
GOOG,2023-03-14,93.06999969482422,94.83000183105467,92.77999877929688,94.25,94.25,32303900,2.825655939790539,93.42571585518974,,
GOOG,2023-03-15,93.54000091552734,97.25,93.04000091552734,96.5500030517578,96.5500030517578,38367300,2.4403215403265843,93.56428745814732,,
GOOG,2023-03-16,96.56999969482422,101.97000122070312,95.87000274658205,101.06999969482422,101.06999969482422,54499500,4.6815085450006455,94.5500019618443,,
GOOG,2023-03-17,100.83999633789062,103.48999786376952,100.75,102.45999908447266,102.45999908447266,76140300,1.3752838565800563,95.66571589878627,,
GOOG,2023-03-20,101.05999755859376,102.58000183105467,100.79000091552734,101.93000030517578,101.93000030517578,26033900,-0.5172738473869343,96.99000113351005,,
GOOG,2023-03-21,101.9800033569336,105.95999908447266,101.86000061035156,105.83999633789062,105.83999633789062,33122800,3.8359619552716717,99.10857173374721,95.30400009155274,
GOOG,2023-03-22,105.13999938964844,107.51000213623048,104.20999908447266,104.22000122070312,104.22000122070312,32336900,-1.5306076844671446,100.9028570992606,95.17666676839193,2.440484925765133
GOOG,2023-03-23,105.88999938964844,107.10099792480467,105.41000366210938,106.26000213623048,106.26000213623048,31385800,1.9573986678500521,102.61857169015067,95.38533350626628,2.033656939188446
GOOG,2023-03-24,105.73999786376952,106.16000366210938,104.73999786376952,106.05999755859376,106.05999755859376,25245000,-0.18822188369647108,103.97714233398438,95.73866678873698,1.826931553513989
GOOG,2023-03-27,105.31999969482422,105.4000015258789,102.62999725341795,103.05999755859376,103.05999755859376,25393400,-2.8285876570406487,104.2614277430943,96.01200002034506,1.9105396627763673
GOOG,2023-03-28,103.0,103.0,100.27999877929688,101.36000061035156,101.36000061035156,24913500,-1.6495216267356172,104.10428510393415,96.2240000406901,1.9431918334462261
GOOG,2023-03-29,102.72000122070312,102.81999969482422,101.02999877929688,101.9000015258789,101.9000015258789,26148300,0.5327554383145916,104.0999995640346,96.45566685994466,1.9431496539890998
GOOG,2023-03-30,101.44000244140624,101.61000061035156,100.29000091552734,101.31999969482422,101.31999969482422,25009800,-0.569187264346982,103.45428575788226,96.59633356730143,1.9106496834106157
GOOG,2023-03-31,101.70999908447266,104.19000244140624,101.44000244140624,104.0,104.0,28086500,2.6450851887563465,103.42285701206752,96.87033360799154,1.9405291506612627
GOOG,2023-04-03,102.66999816894533,104.9499969482422,102.37999725341795,104.91000366210938,104.91000366210938,20719900,0.8750035212590213,103.23000008719308,97.21433385213216,1.9211710985305193
GOOG,2023-04-04,104.83999633789062,106.0999984741211,104.5999984741211,105.12000274658205,105.12000274658205,20377200,0.20017069597006998,103.09571511404855,97.6500005086263,1.8335031712816874
GOOG,2023-04-05,106.12000274658205,106.54000091552734,104.10199737548828,104.9499969482422,104.9499969482422,21864200,-0.16172545081613032,103.36571502685548,98.08833363850911,1.832101380748956
GOOG,2023-04-06,105.7699966430664,109.62999725341795,104.81500244140624,108.9000015258789,108.9000015258789,34684200,3.7637014697434523,104.44285801478796,98.6826670328776,1.9114624184608537
GOOG,2023-04-10,107.38999938964844,107.97000122070312,105.5999984741211,106.9499969482422,106.9499969482422,19741500,-1.7906377872486168,105.16428593226843,99.26933364868164,1.9071135232900782
GOOG,2023-04-11,106.91999816894533,107.22000122070312,105.27999877929688,106.12000274658205,106.12000274658205,18721300,-0.776058181714423,105.85000065394811,99.803333791097,1.9234003338963832
GOOG,2023-04-12,107.38999938964844,107.58699798583984,104.97000122070312,105.22000122070312,105.22000122070312,22761600,-0.8480979104647735,106.02428654261999,100.30066706339518,1.9398276219344877
GOOG,2023-04-13,106.47000122070312,108.26499938964844,106.44000244140624,108.19000244140624,108.19000244140624,21650700,2.822658416885404,106.49285779680527,100.89000040690104,1.9833281721721263
GOOG,2023-04-14,107.69000244140624,109.58000183105467,107.58999633789062,109.45999908447266,109.45999908447266,20745400,1.1738576711413096,107.11285727364677,101.46166712443033,1.9694023371330638
GOOG,2023-04-17,105.43000030517578,106.70999908447266,105.31999969482422,106.41999816894533,106.41999816894533,29043400,-2.7772710953352875,107.32285744803292,101.8750005086263,2.0467940221824756
GOOG,2023-04-18,107.0,107.0500030517578,104.77999877929688,105.12000274658205,105.12000274658205,17641400,-1.2215706114742542,106.78285762241909,102.19300053914388,2.05488583689295
GOOG,2023-04-19,104.21499633789062,105.7249984741211,103.8000030517578,105.0199966430664,105.0199966430664,16732000,-0.09513517970193286,106.50714329310826,102.55466715494792,2.0281711693038553
GOOG,2023-04-20,104.6500015258789,106.88800048828124,104.63999938964844,105.9000015258789,105.9000015258789,22515300,0.8379403075048586,106.47571454729352,102.92966715494792,2.029758085824972
GOOG,2023-04-21,106.08999633789062,106.63999938964844,105.48500061035156,105.91000366210938,105.91000366210938,22369800,0.009444887711373973,106.57428632463727,103.37133382161458,1.976072143048946
GOOG,2023-04-24,106.0500030517578,107.31999969482422,105.36000061035156,106.77999877929688,106.77999877929688,21410900,0.8214475376311814,106.37285723005023,103.89700037638346,1.9306781552397216
GOOG,2023-04-25,106.61000061035156,107.44000244140624,104.55999755859376,104.61000061035156,104.61000061035156,31408100,-2.032214079183947,105.68000030517578,104.32866694132487,1.9870110600767803
GOOG,2023-04-26,105.55999755859376,107.0199966430664,103.2699966430664,104.4499969482422,104.4499969482422,37068200,-0.15295254868159525,105.39857155936105,104.66866683959961,1.9385759199488473
GOOG,2023-04-27,105.2300033569336,109.1500015258789,104.41999816894533,108.37000274658205,108.37000274658205,38235200,3.7529975230945256,105.86285727364677,105.06266682942709,2.0009355476534894
GOOG,2023-04-28,107.8000030517578,108.29000091552734,106.04000091552734,108.22000122070312,108.22000122070312,23957900,-0.13841609493144835,106.32000078473773,105.30100021362304,1.8320866125308244
GOOG,2023-05-01,107.72000122070312,108.68000030517578,107.5,107.70999908447266,107.70999908447266,20926300,-0.47126421223223636,106.57857186453683,105.47600021362305,1.8237759973902155
GOOG,2023-05-02,107.66000366210938,107.7300033569336,104.5,105.9800033569336,105.9800033569336,20343100,-1.6061607485320817,106.58857182094029,105.6110003153483,1.8488491188340201
GOOG,2023-05-03,106.22000122070312,108.12999725341795,105.62000274658205,106.12000274658205,106.12000274658205,17116300,0.1320998162049003,106.4942866734096,105.62033386230469,1.7126184980097179
GOOG,2023-05-04,106.16000366210938,106.3000030517578,104.6999969482422,105.20999908447266,105.20999908447266,19780600,-0.8575232176374015,106.58000074114118,105.65333379109701,1.695892218189199
GOOG,2023-05-05,105.31999969482422,106.44000244140624,104.73899841308594,106.21499633789062,106.21499633789062,20705300,0.955229790099188,106.83214351109096,105.651833597819,1.6665461158776198
MSFT,2023-02-07,260.5299987792969,268.7699890136719,260.0799865722656,267.5599975585937,266.8915100097656,50841400,,,,
MSFT,2023-02-08,273.20001220703125,276.760009765625,266.2099914550781,266.7300109863281,266.0635986328125,54686000,-0.31020577808302807,,,
MSFT,2023-02-09,273.79998779296875,273.9800109863281,262.79998779296875,263.6199951171875,262.9613647460937,42375100,-1.165978982882443,,,
MSFT,2023-02-10,261.5299987792969,264.0899963378906,260.6600036621094,263.1000061035156,262.4426574707031,25818500,-0.19724945880554845,,,
MSFT,2023-02-13,267.6400146484375,274.6000061035156,267.1499938964844,271.32000732421875,270.6421203613281,44630900,3.1242877347060993,,,
MSFT,2023-02-14,272.6700134277344,274.9700012207031,269.2799987792969,272.1700134277344,271.4900207519531,37047900,0.31328544912645473,,,
MSFT,2023-02-15,268.32000732421875,270.7300109863281,266.17999267578125,269.32000732421875,269.32000732421875,28922400,-1.0471418462388193,267.6885768345424,,
MSFT,2023-02-16,264.0199890136719,266.739990234375,261.8999938964844,262.1499938964844,262.1499938964844,29603600,-2.6622654213367847,266.9157191685268,,
MSFT,2023-02-17,259.3900146484375,260.0899963378906,256.0,258.0599975585937,258.0599975585937,30000100,-1.560174111430923,265.6771458217076,,
MSFT,2023-02-21,254.47999572753903,255.4900054931641,251.58999633789065,252.6699981689453,252.6699981689453,28397400,-2.088661334821784,264.1128605433873,,
MSFT,2023-02-22,254.08999633789065,254.33999633789065,250.33999633789065,251.50999450683597,251.50999450683597,22491100,-0.45909829837957883,262.4571446010045,,
MSFT,2023-02-23,255.55999755859372,256.8399963378906,250.47999572753903,254.7700042724609,254.7700042724609,29219100,1.296175037503855,260.09285845075334,,
MSFT,2023-02-24,249.9600067138672,251.0,248.1000061035156,249.22000122070312,249.22000122070312,24990900,-2.178436612899848,256.8142852783203,,
MSFT,2023-02-27,252.4600067138672,252.82000732421875,249.38999938964844,250.16000366210935,250.16000366210935,21190000,0.3771777693612144,254.07714189801894,,
MSFT,2023-02-28,249.07000732421875,251.4900054931641,248.72999572753903,249.4199981689453,249.4199981689453,22491000,-0.2958128726938902,252.25857107979908,,
MSFT,2023-03-01,250.75999450683597,250.92999267578125,245.7899932861328,246.2700042724609,246.2700042724609,27565300,-1.262927559782412,250.57428632463728,,
MSFT,2023-03-02,246.5500030517578,251.3999938964844,245.6100006103516,251.1100006103516,251.1100006103516,24808200,1.9653210922658593,250.35142953055245,,
MSFT,2023-03-03,252.19000244140625,255.6199951171875,251.38999938964844,255.2899932861328,255.2899932861328,30760100,1.6646062146554286,250.89142935616627,,
MSFT,2023-03-06,256.42999267578125,260.1199951171875,255.97999572753903,256.8699951171875,256.8699951171875,24109800,0.618904725060565,251.1914280482701,,
MSFT,2023-03-07,256.29998779296875,257.69000244140625,253.38999938964844,254.1499938964844,254.1499938964844,21473200,-1.0589018851587584,251.89571271623888,,
MSFT,2023-03-08,254.0399932861328,254.5399932861328,250.80999755859372,253.6999969482422,253.6999969482422,17340200,-0.17705959435336815,252.40142604282929,,
MSFT,2023-03-09,255.82000732421875,259.5599975585937,251.5800018310547,252.32000732421875,252.32000732421875,26653400,-0.5439454633911489,252.81571306501118,,
MSFT,2023-03-10,251.0800018310547,252.7899932861328,247.6000061035156,248.58999633789065,248.58999633789065,28333900,-1.478285858455619,253.14714050292972,,
MSFT,2023-03-13,247.3999938964844,257.9100036621094,245.72999572753903,253.9199981689453,253.9199981689453,33339700,2.144093450892526,253.54856872558597,,
MSFT,2023-03-14,256.75,261.07000732421875,255.8600006103516,260.7900085449219,260.7900085449219,33620300,2.70558066537383,254.33428519112726,,
MSFT,2023-03-15,259.9800109863281,266.4800109863281,259.2099914550781,265.44000244140625,265.44000244140625,46028000,1.783041429550547,255.5585719517299,,
MSFT,2023-03-16,265.2099914550781,276.5599975585937,263.2799987792969,276.20001220703125,276.20001220703125,54768800,4.0536504169149,258.7085745675223,,
MSFT,2023-03-17,278.260009765625,283.3299865722656,276.32000732421875,279.42999267578125,279.42999267578125,69527400,1.1694353099191312,262.384288242885,,
MSFT,2023-03-20,276.9800109863281,277.4800109863281,269.8500061035156,272.2300109863281,272.2300109863281,43466600,-2.576667458101811,265.22857448032926,,
MSFT,2023-03-21,274.8800048828125,275.0,269.5199890136719,273.7799987792969,273.7799987792969,34558700,0.5693669802799839,268.827146257673,260.06233469645184,
MSFT,2023-03-22,273.3999938964844,281.0400085449219,272.17999267578125,272.2900085449219,272.2900085449219,34873300,-0.5442290309805031,271.45143345424106,260.22000172932945,1.716491053445401
MSFT,2023-03-23,277.94000244140625,281.0599975585937,275.20001220703125,277.6600036621094,277.6600036621094,36610900,1.9721601779969733,273.86143275669644,260.5843348185221,1.7492074155611033
MSFT,2023-03-24,277.239990234375,280.6300048828125,275.2799987792969,280.57000732421875,280.57000732421875,28172000,1.0480456759089485,276.02286202566967,261.14933522542316,1.7385014006053008
MSFT,2023-03-27,280.5,281.4599914550781,275.5199890136719,276.3800048828125,276.3800048828125,26840200,-1.4933892903828516,276.048575265067,261.59200185139974,1.7651926828985482
MSFT,2023-03-28,275.7900085449219,276.1400146484375,272.04998779296875,275.2300109863281,275.2300109863281,21878600,-0.41609156819140125,275.4485778808594,261.72233530680336,1.6776911044920824
MSFT,2023-03-29,278.9599914550781,281.1400146484375,278.4100036621094,280.510009765625,280.510009765625,25087000,1.9183950036463004,276.63143484933033,262.00033518473305,1.7112642521597152
MSFT,2023-03-30,284.2300109863281,284.4599914550781,281.4800109863281,284.04998779296875,284.04998779296875,25053400,1.2619792178901301,278.0985761369978,262.49133453369143,1.7091305122006348
MSFT,2023-03-31,283.7300109863281,289.2699890136719,283.0,288.29998779296875,288.29998779296875,32766000,1.4962155193252835,280.3857160295759,263.36300099690754,1.636782193705735
MSFT,2023-04-03,286.5199890136719,288.2699890136719,283.95001220703125,287.2300109863281,287.2300109863281,24883300,-0.37113314323447,281.7528599330357,264.33533477783203,1.603482148320636
MSFT,2023-04-04,287.2300109863281,290.45001220703125,285.6700134277344,287.17999267578125,287.17999267578125,25824300,-0.017414026610629296,282.6971435546875,265.4856679280599,1.5371899432345713
MSFT,2023-04-05,285.8500061035156,287.1499938964844,282.9200134277344,284.3399963378906,284.3399963378906,22064800,-0.9889255555128096,283.8342851911272,266.58000132242836,1.5508473216587804
MSFT,2023-04-06,283.2099914550781,292.0799865722656,282.0299987792969,291.6000061035156,291.6000061035156,29770300,2.553284750344331,286.17285592215404,267.8076680501302,1.5917438771527137
MSFT,2023-04-10,289.2099914550781,289.6000061035156,284.7099914550781,289.3900146484375,289.3900146484375,23103000,-0.757884570926104,287.4414280482701,269.14666849772135,1.5303949616799182
MSFT,2023-04-11,285.75,285.9800109863281,281.6400146484375,282.8299865722656,282.8299865722656,27276600,-2.266846727293359,287.2671421595982,270.2356679280599,1.6122872753946995
MSFT,2023-04-12,284.7900085449219,287.010009765625,281.9599914550781,283.489990234375,283.489990234375,27403400,0.23335703194284907,286.5799996512277,271.37133433024087,1.607043982150104
MSFT,2023-04-13,283.5899963378906,289.8999938964844,283.1700134277344,289.8399963378906,289.8399963378906,24222700,2.2399401468340185,286.9528547014509,272.82366739908855,1.6062922345936073
MSFT,2023-04-14,287.0,288.4800109863281,283.69000244140625,286.1400146484375,286.1400146484375,20987900,-1.2765600801139088,286.80428641183033,273.99133453369143,1.6172836029771747
MSFT,2023-04-17,289.92999267578125,291.6000061035156,286.1600036621094,288.79998779296875,288.79998779296875,23836200,0.9296054408186816,287.4414280482701,275.10833435058595,1.6037412972266796
MSFT,2023-04-18,291.57000732421875,291.760009765625,287.010009765625,288.3699951171875,288.3699951171875,20161800,-0.1488894369654492,286.97999790736606,276.15833435058596,1.6066527650326863
MSFT,2023-04-19,285.989990234375,289.04998779296875,284.5400085449219,288.45001220703125,288.45001220703125,17150300,0.027748063667720757,286.845711844308,277.3016682942708,1.5847575114638068
MSFT,2023-04-20,285.25,289.0299987792969,285.0799865722656,286.1099853515625,286.1099853515625,23244400,-0.8112417252349569,287.3142830984933,278.38200124104816,1.597382231908295
MSFT,2023-04-21,285.010009765625,286.2699890136719,283.0599975585937,285.760009765625,285.760009765625,21676400,-0.12232204531675839,287.6385716029576,279.49666798909504,1.5905050560735816
MSFT,2023-04-24,282.0899963378906,284.95001220703125,278.7200012207031,281.7699890136719,281.7699890136719,26611000,-1.3962838100494368,286.48571341378346,280.60266774495443,1.5871832231762923
MSFT,2023-04-25,279.510009765625,281.6000061035156,275.3699951171875,275.4200134277344,275.4200134277344,45772200,-2.253602524585896,284.95428466796875,281.3193349202474,1.626076288233036
MSFT,2023-04-26,296.70001220703125,299.57000732421875,292.7300109863281,295.3699951171875,295.3699951171875,64599200,7.24347567962329,285.89285714285717,282.4720011393229,2.0219769510954944
MSFT,2023-04-27,295.9700012207031,305.20001220703125,295.25,304.8299865722656,304.8299865722656,46462600,3.2027597966830967,288.2442844935826,283.7850006103516,2.070637473574191
MSFT,2023-04-28,304.010009765625,308.92999267578125,303.3099975585937,307.260009765625,307.260009765625,36446700,0.7971732770402085,290.9314270019531,284.82033386230466,1.9593427874549754
MSFT,2023-05-01,306.9700012207031,308.6000061035156,305.1499938964844,305.5599975585937,305.5599975585937,21294100,-0.553281309965481,293.71000017438615,285.6913340250651,1.9604721160446814
MSFT,2023-05-02,307.760009765625,309.17999267578125,303.9100036621094,305.4100036621094,305.4100036621094,26404400,-0.04908819795874653,296.5171421595982,286.7973337809245,1.8846908391321195
MSFT,2023-05-03,306.6199951171875,308.6099853515625,304.0899963378906,304.3999938964844,304.3999938964844,22360800,-0.3307061830045477,299.75,287.8180002848307,1.8890752045740662
MSFT,2023-05-04,306.239990234375,307.760009765625,303.3999938964844,305.4100036621094,305.4100036621094,22519900,0.3318034776204515,304.03428431919644,288.9220001220703,1.8811962334434278
MSFT,2023-05-05,305.7200012207031,311.9700012207031,304.2699890136719,310.6499938964844,310.6499938964844,28181200,1.7157231824574737,306.2171412876674,290.02166646321615,1.874376822357654
NFLX,2023-02-07,358.510009765625,364.1799926757813,354.17999267578125,362.9500122070313,362.9500122070313,6289400,,,,
NFLX,2023-02-08,360.0199890136719,368.1900024414063,358.3099975585937,366.8299865722656,366.8299865722656,6253200,1.0690106721972237,,,
NFLX,2023-02-09,372.4100036621094,373.8299865722656,361.739990234375,362.5,362.5,6901100,-1.180379666538689,,,
NFLX,2023-02-10,359.1600036621094,362.1400146484375,347.1400146484375,347.3599853515625,347.3599853515625,7291100,-4.17655576508621,,,
NFLX,2023-02-13,349.5,359.70001220703125,344.25,358.57000732421875,358.57000732421875,7134400,3.2272059089680782,,,
NFLX,2023-02-14,357.54998779296875,363.75,353.3999938964844,359.9599914550781,359.9599914550781,4624800,0.3876465132240048,,,
NFLX,2023-02-15,356.6300048828125,362.8800048828125,354.239990234375,361.4200134277344,361.4200134277344,3966000,0.40560673611373943,359.9414280482701,,
NFLX,2023-02-16,355.0,361.5,350.3099975585937,350.7099914550781,350.7099914550781,5215700,-2.963317352318595,358.19285365513394,,
NFLX,2023-02-17,347.9100036621094,349.0,342.44000244140625,347.9599914550781,347.9599914550781,5294700,-0.7841236540169216,355.4971400669643,,
NFLX,2023-02-21,342.8500061035156,344.1300048828125,336.4200134277344,337.5,337.5,5710300,-3.00609027242964,351.9257114955357,,
NFLX,2023-02-22,337.5,341.9100036621094,332.82000732421875,334.8800048828125,334.8800048828125,4546200,-0.7762948495370403,350.14285714285717,,
NFLX,2023-02-23,331.2300109863281,331.2799987792969,314.29998779296875,323.6499938964844,323.6499938964844,13238700,-3.3534432700029204,345.15428379603793,,
NFLX,2023-02-24,319.29998779296875,321.5,314.5199890136719,317.1499938964844,317.1499938964844,6830700,-2.0083423829999947,339.03856985909596,,
NFLX,2023-02-27,323.8699951171875,330.0,322.1199951171875,323.0299987792969,323.0299987792969,6142600,1.8540138722915156,333.55428205217635,,
NFLX,2023-02-28,323.70001220703125,327.6199951171875,321.1700134277344,322.1300048828125,322.1300048828125,3676100,-0.2786100052271867,329.471426827567,,
NFLX,2023-03-01,321.54998779296875,326.6000061035156,312.3599853515625,313.4800109863281,313.4800109863281,4911300,-2.685249360621078,324.54571533203125,,
NFLX,2023-03-02,310.9599914550781,315.57000732421875,310.3800048828125,311.8800048828125,311.8800048828125,4911000,-0.510401316652187,320.8857160295759,,
NFLX,2023-03-03,315.45001220703125,317.489990234375,310.82000732421875,315.17999267578125,315.17999267578125,5953300,1.058095338368581,318.07142857142856,,
NFLX,2023-03-06,317.0,323.29998779296875,311.8399963378906,312.0299987792969,312.0299987792969,5660700,-0.9994269844801673,316.4114292689732,,
NFLX,2023-03-07,312.67999267578125,314.29998779296875,306.6199951171875,308.4700012207031,308.4700012207031,4553100,-1.140915159606748,315.1714303152902,,
NFLX,2023-03-08,309.2900085449219,311.8299865722656,305.75,311.7900085449219,311.7900085449219,3479500,1.076282073161261,313.5657174246652,,
NFLX,2023-03-09,312.0799865722656,312.510009765625,294.8800048828125,297.7799987792969,297.7799987792969,7443400,-4.493412034275135,310.08714512416293,,
NFLX,2023-03-10,297.8999938964844,298.7900085449219,289.0,292.760009765625,292.760009765625,5759300,-1.6858046323629972,307.1271449497768,,
NFLX,2023-03-13,287.3399963378906,299.239990234375,285.3299865722656,293.510009765625,293.510009765625,6292400,0.2561825300526621,304.5028599330357,,
NFLX,2023-03-14,295.9700012207031,297.45001220703125,290.3099975585937,294.94000244140625,294.94000244140625,5956700,0.4872040571710423,301.61143275669644,,
NFLX,2023-03-15,292.510009765625,306.3099975585937,292.2799987792969,303.7900085449219,303.7900085449219,9215300,3.0006123381903116,300.43429129464283,,
NFLX,2023-03-16,304.75,316.6000061035156,301.7099914550781,310.0599975585937,310.0599975585937,7903700,2.0639220636990308,300.6614336286272,,
NFLX,2023-03-17,310.0599975585937,310.760009765625,300.0,303.5,303.5,6918800,-2.115718767415009,299.4771466936384,,
NFLX,2023-03-20,299.7900085449219,307.5,296.0,305.1300048828125,305.1300048828125,5113400,0.5370691541392025,300.5271475655692,,
NFLX,2023-03-21,306.32000732421875,307.9200134277344,300.42999267578125,305.7900085449219,305.7900085449219,4886300,0.21630244536681165,302.3885759626116,325.22300109863284,
NFLX,2023-03-22,306.3099975585937,306.45001220703125,293.5400085449219,293.8999938964844,293.8999938964844,5808000,-3.8882940306046,302.4442879813058,322.9213338216146,2.0614345796491857
NFLX,2023-03-23,304.67999267578125,322.7799987792969,304.1400146484375,320.3699951171875,320.3699951171875,15653300,9.0064653863267,306.07714407784596,321.37266743977864,2.7031791882814615
NFLX,2023-03-24,320.6300048828125,331.8299865722656,320.6300048828125,328.3900146484375,328.3900146484375,12991700,2.5033616298294037,309.5914306640625,320.2356679280599,2.7504965466236837
NFLX,2023-03-27,327.54998779296875,336.44000244140625,324.4100036621094,327.6600036621094,327.6600036621094,8625800,-0.22229999505607445,312.10571725027904,319.57900187174477,2.6509103719862224
NFLX,2023-03-28,326.0599975585937,333.32000732421875,321.2799987792969,323.5199890136719,323.5199890136719,6489400,-1.263509309090649,314.96571568080356,318.4106679280599,2.5787947409111345
NFLX,2023-03-29,326.2900085449219,332.8500061035156,325.7300109863281,332.0299987792969,332.0299987792969,6287300,2.630443266139393,318.8085719517299,317.47966817220055,2.6317063721312004
NFLX,2023-03-30,340.2699890136719,343.2900085449219,335.29998779296875,338.42999267578125,338.42999267578125,7131500,1.9275348372176815,323.471426827567,316.7133341471354,2.6590279413483406
NFLX,2023-03-31,340.04998779296875,345.8399963378906,337.20001220703125,345.4800109863281,345.4800109863281,5610200,2.0831541125555075,330.84000069754467,316.53900146484375,2.6367538188556745
NFLX,2023-04-03,341.8299865722656,348.5799865722656,340.3999938964844,348.2799987792969,348.2799987792969,4413700,0.810463038071263,334.82714407784596,316.54966837565104,2.6368296485539835
NFLX,2023-04-04,348.489990234375,349.79998779296875,343.95001220703125,346.75,346.75,3298100,-0.4393013623117725,337.4499991280692,316.8580017089844,2.5756463419856677
NFLX,2023-04-05,345.29998779296875,345.42999267578125,336.25,342.3500061035156,342.3500061035156,4205500,-1.268923978798664,339.54857090541293,317.10700174967445,2.5831282092417114
NFLX,2023-04-06,339.3399963378906,340.4800109863281,332.6300048828125,339.3299865722656,339.3299865722656,4660500,-0.8821438520251856,341.80714198521207,317.6296681722005,2.5073189884878664
NFLX,2023-04-10,335.2699890136719,339.8800048828125,333.3599853515625,338.989990234375,338.989990234375,2657900,-0.10019637265927805,342.80142647879467,318.3576680501302,2.4736682758894144
NFLX,2023-04-11,343.45001220703125,347.1400146484375,337.6400146484375,338.2099914550781,338.2099914550781,4044800,-0.2300949295752308,342.7699977329799,318.86366780598956,2.456307722425748
NFLX,2023-04-12,340.8099975585937,342.79998779296875,330.0400085449219,331.0299987792969,331.0299987792969,3965400,-2.1229392558424487,340.7057102748326,319.16033426920575,2.4910619054591883
NFLX,2023-04-13,339.989990234375,346.42999267578125,338.75,346.19000244140625,346.19000244140625,7406400,4.579646472529153,340.40713936941967,320.25066731770835,2.5610607146486424
NFLX,2023-04-14,342.94000244140625,344.8500061035156,336.4100036621094,338.6300048828125,338.6300048828125,5350500,-2.183771196533413,339.2471400669643,321.142333984375,2.598673040882728
NFLX,2023-04-17,338.0,338.3900146484375,327.5,332.7200012207031,332.7200012207031,6136000,-1.7452687525887134,337.87142508370533,321.7270009358724,2.6210275388259188
NFLX,2023-04-18,335.0,337.19000244140625,330.5,333.70001220703125,333.70001220703125,17944500,0.29454525809466947,337.06714303152904,322.4493347167969,2.611011578329615
NFLX,2023-04-19,324.2099914550781,325.75,316.1000061035156,323.1199951171875,323.1199951171875,22128300,-3.1705174416594817,334.8000008719308,322.9376678466797,2.6739989186031474
NFLX,2023-04-20,320.3900146484375,331.42999267578125,318.3299865722656,325.3500061035156,325.3500061035156,9947800,0.6901494862672886,332.9628601074219,323.38966776529946,2.6705063177575448
NFLX,2023-04-21,323.0,328.2900085449219,319.5,327.9800109863281,327.9800109863281,6348000,0.8083617130702381,332.5271475655692,324.3963348388672,2.5221627617994833
NFLX,2023-04-24,330.20001220703125,334.6600036621094,326.75,329.0199890136719,329.0199890136719,5586600,0.3170857956301232,330.0742885044643,325.60500081380206,2.4926822288918626
NFLX,2023-04-25,328.5,328.6600036621094,321.1000061035156,322.54998779296875,322.54998779296875,5426600,-1.9664462454389908,327.7771432059152,326.5730000813802,2.5304426652166137
NFLX,2023-04-26,321.3599853515625,325.8999938964844,320.4700012207031,321.1499938964844,321.1499938964844,4623200,-0.43403935807400096,326.12428501674106,327.44666646321616,2.5342473313416845
NFLX,2023-04-27,324.29998779296875,327.45001220703125,317.44000244140625,325.8500061035156,325.8500061035156,5618800,1.4634944095767821,325.0028555733817,328.1819997151693,2.493274915523484
NFLX,2023-04-28,325.239990234375,330.8099975585937,324.0,329.92999267578125,329.92999267578125,4221900,1.2521057222167231,325.97571236746654,328.8443328857422,2.4774129851179767
NFLX,2023-05-01,329.44000244140625,331.2300109863281,318.0899963378906,324.1199951171875,324.1199951171875,5341500,-1.760978900849175,325.7999965122768,329.5316660563151,2.4666231830184806
NFLX,2023-05-02,325.0,326.07000732421875,315.6199951171875,317.54998779296875,317.54998779296875,4318600,-2.027029317288287,324.3099931989397,329.94566548665364,2.500454862916515
NFLX,2023-05-03,317.54998779296875,324.6199951171875,315.8500061035156,319.29998779296875,319.29998779296875,5064100,0.5510943370405474,322.92142159598217,330.3959981282552,2.501449808120933
NFLX,2023-05-04,319.010009765625,323.6099853515625,317.95001220703125,320.7799987792969,320.7799987792969,3879700,0.4635173952113547,322.66856602260043,331.2919982910156,2.3810521605876254
NFLX,2023-05-05,323.6099853515625,324.1499938964844,319.44000244140625,322.760009765625,322.760009765625,3988600,0.6172488914093499,322.8985682896205,331.3716654459635,1.7288667625101097
